sport,height_cm,weight_kg,bmi,position,Player,height,weight,Wingspan,Hand Length,Hand Width
basketball,205.74,99.9716768,23.61780352885504,Center,Izan Almansa,"6'9.25""",220.4 lbs,"7'1.75""",9.25,9.5
basketball,200.66,89.7204976,22.282815160086333,Small Forward,Neoklis Avdalas,"6'7.50""",197.8 lbs,"6'9.00""",8.25,9.75
basketball,200.66,91.9884576,22.846081468480833,SF-PF,Ace Bailey,"6'7.50""",202.8 lbs,"7'0.50""",8.5,9.0
basketball,190.5,86.8175088,23.923094715522765,Shooting Guard,Tamar Bates,"6'3.75""",191.4 lbs,"6'10.25""",9.75,9.0
basketball,210.82,106.5034016,23.962926787807415,Center,Joan Beringer,"6'11.00""",234.8 lbs,"7'4.50""",9.75,10.0
basketball,195.58,91.5348656,23.929722624161048,Shooting Guard,Koby Brea,"6'5.75""",201.8 lbs,"6'5.25""",8.5,9.25
basketball,205.74,113.1258448,26.725409256335965,SF-PF,Johni Broome,"6'9.25""",249.4 lbs,"7'0.25""",9.25,10.25
basketball,198.12,97.43156160000001,24.82235741591799,SF-PF,Carter Bryant,"6'6.50""",214.8 lbs,"6'11.75""",8.5,9.5
basketball,193.04,82.46302560000001,22.129145657183283,Shooting Guard,Miles Byrd,"6'4.75""",181.8 lbs,"6'10.00""",8.75,9.25
basketball,187.96,90.264808,25.54980500757203,PG-SG,Walter Clayton Jr.,"6'2.00""",199.0 lbs,"6'4.00""",8.25,9.75
basketball,195.58,91.625584,23.953438900299957,PG-SG,Nique Clifford,"6'5.25""",202.0 lbs,"6'8.00""",8.25,8.5
basketball,210.82,100.6067056,22.63618893328656,SF-PF,Alex Condon,"6'11.25""",221.8 lbs,"7'0.75""",9.25,9.75
basketball,195.58,96.615096,25.257834087940054,PG-SG,Cedric Coward,"6'5.25""",213.0 lbs,"7'2.25""",9.25,10.0
basketball,203.2,90.35552639999999,21.883022816045628,PG-SG,Egor Demin,"6'8.25""",199.2 lbs,"6'10.25""",8.25,9.25
basketball,200.66,117.29889120000001,29.13213347016343,Power Forward,Eric Dixon,"6'7.50""",258.6 lbs,"6'11.50""",8.75,10.0
basketball,193.04,87.6339744,23.516781853508306,PG-SG,VJ Edgecombe,"6'4.00""",193.2 lbs,"6'7.50""",8.5,9.5
basketball,208.28,92.532768,21.33046954969579,Power Forward,Noa Essengue,"6'10.00""",204.0 lbs,"7'1.00""",8.97,10.62
basketball,187.96,81.4651232,23.059019996783597,PG-SG,Jeremiah Fears,"6'2.50""",179.6 lbs,"6'5.25""",8.25,9.25
basketball,200.66,100.243832,24.8963708310368,SF-PF,Cooper Flagg,"6'7.75""",221.0 lbs,"7'0.00""",8.75,9.75
basketball,187.96,78.1992608,22.134604941233256,Point Guard,Boogie Fland,"6'2.00""",172.4 lbs,"6'6.00""",8.5,9.0
basketball,203.2,105.4147808,25.53019328538657,SF-PF,Rasheer Fleming,"6'8.25""",232.4 lbs,"7'5.25""",9.5,9.5
basketball,213.36,114.9402128,25.249105180750043,Center,Vladislav Goldin,"7'0.00""",253.4 lbs,"7'5.25""",9.5,11.75
basketball,198.12,101.01493839999999,25.73528396892428,Small Forward,Hugo Gonz√°lez,"6'6.25""",222.7 lbs,"6'10.75""",10.25,9.0
basketball,187.96,85.9103248,24.317251600171566,Shooting Guard,PJ Haggerty,"6'2.25""",189.4 lbs,"6'6.50""",8.5,9.5
basketball,193.04,96.7058144,25.95123132074519,PG-SG,Dylan Harper,"6'4.50""",213.2 lbs,"6'10.50""",9.25,9.25
basketball,195.58,87.7246928,22.93363902632679,Shooting Guard,Ben Henshall,"6'5.50""",193.4 lbs,"6'6.50""",8.0,8.0
basketball,193.04,93.07707839999999,24.977451533850434,PG-SG,Kasparas Jakucionis,"6'4.75""",205.2 lbs,"6'7.75""",8.5,9.75
basketball,193.04,98.7016192,26.486810203537306,Shooting Guard,Sion James,"6'4.50""",217.6 lbs,"6'6.50""",8.25,9.25
basketball,193.04,86.3639168,23.17595892809514,PG-SG,Tre Johnson,"6'4.75""",190.4 lbs,"6'10.25""",8.5,8.0
basketball,198.12,99.0644928,25.23837457931326,PG-SG,Adou Thiero,"6'6.25""",218.4 lbs,"7'0.00""",9.0,10.25
